Manufacturer,Number of matches
"Yestechnology Co, Ltd",1
Storage Computer Corp,1
"TRENDnet, Inc",1
"Alcon Telecommunications Co, Ltd",1
"Cisco Systems, Inc",1
Hughes Network Systems,4
ARRIS Group. Inc.,82
NETGEAR,113
Compex Systems Pte Ltd,1
ASUSTek COMPUTER INC.,22
Technicolor CH USa Inc.,57
Sagemcom Broadband Sas,18
Pegatron Corp,40
Actiontec Electronics. Inc,1
Hewlett Packard,4
Belkin International Inc.,22
TP-Link Tech Co. Ltd,10
"Google, Inc.",6
Hon Hai Precision Ind. Co. Ltd,12
"Humax Co, Ltd",1
Technicolor CH USA Inc.,18
Cisco-Linksys. LLC,1
"Extreme Networks, Inc",1
eero Inc,8
Ubiquiti Networks Inc,3
"Actiontec Electronics, Inc",1
PEGATRON CORPORATION,17
Askey Computer Corp,5
"Mitsumi Electric Co, Ltd",2
"Senao Networks, Inc",2
"Roku, Inc",1
Wistron Neweb Corporation,6
Pakedge Device and Software Inc,1
Luxul,3
zte Corp,1
MITSUMI ELECTRIC CO..LTD.,1
Tenda Tech Co. Ltd,5
Calix Inc.,2
Gemtek Technology Co.. Ltd.,1
Amped Wireless,2
